point_id,manager,visit_day,cluster_id,order_in_route,visits_per_month,cluster_diameter_km,cluster_time_hours
ID95,0,1,day1_m0_c15,1,2,32.6,1.09
ID96,0,1,day1_m0_c15,2,2,32.6,1.09
ID97,0,1,day1_m0_c15,3,2,32.6,1.09
ID159,0,1,day1_m0_c15,4,2,32.6,1.09
ID129,0,1,day1_m0_c15,5,2,32.6,1.09
ID226,0,1,day1_m0_c15,6,1,32.6,1.09
ID160,0,1,day1_m0_c15,7,2,32.6,1.09
ID161,0,1,day1_m0_c15,8,2,32.6,1.09
ID128,0,1,day1_m0_c15,9,2,32.6,1.09
ID127,0,1,day1_m0_c15,10,2,32.6,1.09
ID130,0,1,day1_m0_c15,11,2,32.6,1.09
ID158,0,1,day1_m0_c15,12,2,32.6,1.09
ID305,1,1,day1_m1_c3,1,2,9.7,0.32
ID306,1,1,day1_m1_c3,2,2,9.7,0.32
ID309,1,1,day1_m1_c3,3,2,9.7,0.32
ID307,1,1,day1_m1_c3,4,2,9.7,0.32
ID406,1,1,day1_m1_c3,5,2,9.7,0.32
ID330,1,1,day1_m1_c3,6,2,9.7,0.32
ID332,1,1,day1_m1_c3,7,1,9.7,0.32
ID331,1,1,day1_m1_c3,8,1,9.7,0.32
ID405,1,1,day1_m1_c3,9,2,9.7,0.32
ID329,1,1,day1_m1_c3,10,2,9.7,0.32
ID407,1,1,day1_m1_c3,11,2,9.7,0.32
ID333,1,1,day1_m1_c3,12,2,9.7,0.32
ID471,2,1,day1_m2_c18,1,2,37.5,1.25
ID611,2,1,day1_m2_c18,2,1,37.5,1.25
ID509,2,1,day1_m2_c18,3,2,37.5,1.25
ID606,2,1,day1_m2_c18,4,2,37.5,1.25
ID607,2,1,day1_m2_c18,5,2,37.5,1.25
ID493,2,1,day1_m2_c18,6,2,37.5,1.25
ID494,2,1,day1_m2_c18,7,2,37.5,1.25
ID608,2,1,day1_m2_c18,8,2,37.5,1.25
ID495,2,1,day1_m2_c18,9,2,37.5,1.25
ID609,2,1,day1_m2_c18,10,2,37.5,1.25
ID496,2,1,day1_m2_c18,11,2,37.5,1.25
ID610,2,1,day1_m2_c18,12,2,37.5,1.25
ID194,0,2,day2_m0_c29,1,2,27.7,0.92
ID195,0,2,day2_m0_c29,2,2,27.7,0.92
ID204,0,2,day2_m0_c29,3,2,27.7,0.92
ID206,0,2,day2_m0_c29,4,2,27.7,0.92
ID203,0,2,day2_m0_c29,5,2,27.7,0.92
ID202,0,2,day2_m0_c29,6,2,27.7,0.92
ID201,0,2,day2_m0_c29,7,2,27.7,0.92
ID196,0,2,day2_m0_c29,8,2,27.7,0.92
ID199,0,2,day2_m0_c29,9,2,27.7,0.92
ID197,0,2,day2_m0_c29,10,2,27.7,0.92
ID198,0,2,day2_m0_c29,11,2,27.7,0.92
ID200,0,2,day2_m0_c29,12,2,27.7,0.92
ID373,1,2,day2_m1_c24,1,2,8.8,0.29
ID374,1,2,day2_m1_c24,2,2,8.8,0.29
ID377,1,2,day2_m1_c24,3,2,8.8,0.29
ID378,1,2,day2_m1_c24,4,2,8.8,0.29
ID380,1,2,day2_m1_c24,5,2,8.8,0.29
ID379,1,2,day2_m1_c24,6,2,8.8,0.29
ID383,1,2,day2_m1_c24,7,2,8.8,0.29
ID382,1,2,day2_m1_c24,8,2,8.8,0.29
ID381,1,2,day2_m1_c24,9,2,8.8,0.29
ID385,1,2,day2_m1_c24,10,2,8.8,0.29
ID389,1,2,day2_m1_c24,11,2,8.8,0.29
ID384,1,2,day2_m1_c24,12,2,8.8,0.29
ID447,2,2,day2_m2_c3,1,2,33.0,1.1
ID451,2,2,day2_m2_c3,2,2,33.0,1.1
ID450,2,2,day2_m2_c3,3,2,33.0,1.1
ID547,2,2,day2_m2_c3,4,2,33.0,1.1
ID452,2,2,day2_m2_c3,5,2,33.0,1.1
ID453,2,2,day2_m2_c3,6,2,33.0,1.1
ID546,2,2,day2_m2_c3,7,2,33.0,1.1
ID526,2,2,day2_m2_c3,8,2,33.0,1.1
ID554,2,2,day2_m2_c3,9,2,33.0,1.1
ID525,2,2,day2_m2_c3,10,2,33.0,1.1
ID553,2,2,day2_m2_c3,11,2,33.0,1.1
ID449,2,2,day2_m2_c3,12,2,33.0,1.1
ID144,0,3,day3_m0_c25,1,2,19.4,0.65
ID145,0,3,day3_m0_c25,2,2,19.4,0.65
ID146,0,3,day3_m0_c25,3,2,19.4,0.65
ID147,0,3,day3_m0_c25,4,2,19.4,0.65
ID148,0,3,day3_m0_c25,5,2,19.4,0.65
ID149,0,3,day3_m0_c25,6,2,19.4,0.65
ID150,0,3,day3_m0_c25,7,2,19.4,0.65
ID151,0,3,day3_m0_c25,8,2,19.4,0.65
ID152,0,3,day3_m0_c25,9,2,19.4,0.65
ID153,0,3,day3_m0_c25,10,2,19.4,0.65
ID154,0,3,day3_m0_c25,11,2,19.4,0.65
ID156,0,3,day3_m0_c25,12,2,19.4,0.65
ID344,1,3,day3_m1_c22,1,2,8.6,0.29
ID345,1,3,day3_m1_c22,2,2,8.6,0.29
ID351,1,3,day3_m1_c22,3,2,8.6,0.29
ID350,1,3,day3_m1_c22,4,2,8.6,0.29
ID349,1,3,day3_m1_c22,5,2,8.6,0.29
ID353,1,3,day3_m1_c22,6,2,8.6,0.29
ID356,1,3,day3_m1_c22,7,2,8.6,0.29
ID357,1,3,day3_m1_c22,8,2,8.6,0.29
ID355,1,3,day3_m1_c22,9,2,8.6,0.29
ID347,1,3,day3_m1_c22,10,2,8.6,0.29
ID348,1,3,day3_m1_c22,11,2,8.6,0.29
ID346,1,3,day3_m1_c22,12,2,8.6,0.29
ID447,2,3,day3_m2_c5,1,2,17.4,0.58
ID548,2,3,day3_m2_c5,2,2,17.4,0.58
ID551,2,3,day3_m2_c5,3,2,17.4,0.58
ID451,2,3,day3_m2_c5,4,2,17.4,0.58
ID552,2,3,day3_m2_c5,5,1,17.4,0.58
ID527,2,3,day3_m2_c5,6,2,17.4,0.58
ID555,2,3,day3_m2_c5,7,2,17.4,0.58
ID576,2,3,day3_m2_c5,8,2,17.4,0.58
ID455,2,3,day3_m2_c5,9,2,17.4,0.58
ID454,2,3,day3_m2_c5,10,2,17.4,0.58
ID577,2,3,day3_m2_c5,11,2,17.4,0.58
ID578,2,3,day3_m2_c5,12,1,17.4,0.58
ID81,0,4,day4_m0_c13,1,2,19.2,0.64
ID82,0,4,day4_m0_c13,2,2,19.2,0.64
ID83,0,4,day4_m0_c13,3,2,19.2,0.64
ID219,0,4,day4_m0_c13,4,2,19.2,0.64
ID215,0,4,day4_m0_c13,5,1,19.2,0.64
ID118,0,4,day4_m0_c13,6,2,19.2,0.64
ID216,0,4,day4_m0_c13,7,2,19.2,0.64
ID115,0,4,day4_m0_c13,8,2,19.2,0.64
ID117,0,4,day4_m0_c13,9,2,19.2,0.64
ID217,0,4,day4_m0_c13,10,2,19.2,0.64
ID220,0,4,day4_m0_c13,11,2,19.2,0.64
ID218,0,4,day4_m0_c13,12,2,19.2,0.64
ID260,1,4,day4_m1_c8,1,2,7.8,0.26
ID381,1,4,day4_m1_c8,2,2,7.8,0.26
ID261,1,4,day4_m1_c8,3,2,7.8,0.26
ID263,1,4,day4_m1_c8,4,2,7.8,0.26
ID383,1,4,day4_m1_c8,5,2,7.8,0.26
ID262,1,4,day4_m1_c8,6,1,7.8,0.26
ID382,1,4,day4_m1_c8,7,2,7.8,0.26
ID291,1,4,day4_m1_c8,8,2,7.8,0.26
ID292,1,4,day4_m1_c8,9,2,7.8,0.26
ID315,1,4,day4_m1_c8,10,2,7.8,0.26
ID314,1,4,day4_m1_c8,11,2,7.8,0.26
ID313,1,4,day4_m1_c8,12,2,7.8,0.26
ID452,2,4,day4_m2_c14,1,2,17.2,0.57
ID453,2,4,day4_m2_c14,2,2,17.2,0.57
ID564,2,4,day4_m2_c14,3,2,17.2,0.57
ID481,2,4,day4_m2_c14,4,2,17.2,0.57
ID491,2,4,day4_m2_c14,5,2,17.2,0.57
ID604,2,4,day4_m2_c14,6,2,17.2,0.57
ID603,2,4,day4_m2_c14,7,2,17.2,0.57
ID490,2,4,day4_m2_c14,8,2,17.2,0.57
ID602,2,4,day4_m2_c14,9,2,17.2,0.57
ID489,2,4,day4_m2_c14,10,2,17.2,0.57
ID605,2,4,day4_m2_c14,11,2,17.2,0.57
ID492,2,4,day4_m2_c14,12,2,17.2,0.57
ID207,0,5,day5_m0_c30,1,2,19.0,0.63
ID210,0,5,day5_m0_c30,2,2,19.0,0.63
ID212,0,5,day5_m0_c30,3,2,19.0,0.63
ID211,0,5,day5_m0_c30,4,2,19.0,0.63
ID208,0,5,day5_m0_c30,5,2,19.0,0.63
ID209,0,5,day5_m0_c30,6,2,19.0,0.63
ID213,0,5,day5_m0_c30,7,2,19.0,0.63
ID214,0,5,day5_m0_c30,8,2,19.0,0.63
ID218,0,5,day5_m0_c30,9,2,19.0,0.63
ID216,0,5,day5_m0_c30,10,2,19.0,0.63
ID219,0,5,day5_m0_c30,11,2,19.0,0.63
ID217,0,5,day5_m0_c30,12,2,19.0,0.63
ID259,1,5,day5_m1_c11,1,2,7.4,0.25
ID267,1,5,day5_m1_c11,2,2,7.4,0.25
ID266,1,5,day5_m1_c11,3,2,7.4,0.25
ID373,1,5,day5_m1_c11,4,2,7.4,0.25
ID265,1,5,day5_m1_c11,5,2,7.4,0.25
ID264,1,5,day5_m1_c11,6,1,7.4,0.25
ID374,1,5,day5_m1_c11,7,2,7.4,0.25
ID375,1,5,day5_m1_c11,8,1,7.4,0.25
ID377,1,5,day5_m1_c11,9,2,7.4,0.25
ID294,1,5,day5_m1_c11,10,2,7.4,0.25
ID293,1,5,day5_m1_c11,11,2,7.4,0.25
ID376,1,5,day5_m1_c11,12,1,7.4,0.25
ID440,2,5,day5_m2_c4,1,2,15.4,0.51
ID541,2,5,day5_m2_c4,2,2,15.4,0.51
ID441,2,5,day5_m2_c4,3,2,15.4,0.51
ID540,2,5,day5_m2_c4,4,2,15.4,0.51
ID458,2,5,day5_m2_c4,5,1,15.4,0.51
ID621,2,5,day5_m2_c4,6,2,15.4,0.51
ID536,2,5,day5_m2_c4,7,2,15.4,0.51
ID462,2,5,day5_m2_c4,8,2,15.4,0.51
ID505,2,5,day5_m2_c4,9,2,15.4,0.51
ID598,2,5,day5_m2_c4,10,2,15.4,0.51
ID600,2,5,day5_m2_c4,11,2,15.4,0.51
ID507,2,5,day5_m2_c4,12,2,15.4,0.51
ID78,0,6,day6_m0_c12,1,2,17.7,0.59
ID80,0,6,day6_m0_c12,2,2,17.7,0.59
ID79,0,6,day6_m0_c12,3,2,17.7,0.59
ID111,0,6,day6_m0_c12,4,2,17.7,0.59
ID223,0,6,day6_m0_c12,5,2,17.7,0.59
ID112,0,6,day6_m0_c12,6,2,17.7,0.59
ID224,0,6,day6_m0_c12,7,2,17.7,0.59
ID110,0,6,day6_m0_c12,8,2,17.7,0.59
ID183,0,6,day6_m0_c12,9,2,17.7,0.59
ID182,0,6,day6_m0_c12,10,1,17.7,0.59
ID222,0,6,day6_m0_c12,11,2,17.7,0.59
ID113,0,6,day6_m0_c12,12,2,17.7,0.59
ID390,1,6,day6_m1_c25,1,2,7.0,0.23
ID396,1,6,day6_m1_c25,2,2,7.0,0.23
ID400,1,6,day6_m1_c25,3,2,7.0,0.23
ID401,1,6,day6_m1_c25,4,2,7.0,0.23
ID395,1,6,day6_m1_c25,5,2,7.0,0.23
ID404,1,6,day6_m1_c25,6,2,7.0,0.23
ID402,1,6,day6_m1_c25,7,2,7.0,0.23
ID405,1,6,day6_m1_c25,8,2,7.0,0.23
ID391,1,6,day6_m1_c25,9,2,7.0,0.23
ID399,1,6,day6_m1_c25,10,2,7.0,0.23
ID398,1,6,day6_m1_c25,11,2,7.0,0.23
ID397,1,6,day6_m1_c25,12,2,7.0,0.23
ID555,2,6,day6_m2_c27,1,2,13.3,0.44
ID560,2,6,day6_m2_c27,2,2,13.3,0.44
ID559,2,6,day6_m2_c27,3,2,13.3,0.44
ID561,2,6,day6_m2_c27,4,2,13.3,0.44
ID563,2,6,day6_m2_c27,5,2,13.3,0.44
ID562,2,6,day6_m2_c27,6,2,13.3,0.44
ID558,2,6,day6_m2_c27,7,2,13.3,0.44
ID564,2,6,day6_m2_c27,8,2,13.3,0.44
ID565,2,6,day6_m2_c27,9,2,13.3,0.44
ID566,2,6,day6_m2_c27,10,2,13.3,0.44
ID556,2,6,day6_m2_c27,11,2,13.3,0.44
ID568,2,6,day6_m2_c27,12,2,13.3,0.44
ID72,0,7,day7_m0_c2,1,2,17.6,0.59
ID73,0,7,day7_m0_c2,2,2,17.6,0.59
ID74,0,7,day7_m0_c2,3,2,17.6,0.59
ID76,0,7,day7_m0_c2,4,2,17.6,0.59
ID75,0,7,day7_m0_c2,5,2,17.6,0.59
ID203,0,7,day7_m0_c2,6,2,17.6,0.59
ID94,0,7,day7_m0_c2,7,2,17.6,0.59
ID206,0,7,day7_m0_c2,8,2,17.6,0.59
ID95,0,7,day7_m0_c2,9,2,17.6,0.59
ID204,0,7,day7_m0_c2,10,2,17.6,0.59
ID97,0,7,day7_m0_c2,11,2,17.6,0.59
ID205,0,7,day7_m0_c2,12,1,17.6,0.59
ID273,1,7,day7_m1_c6,1,2,5.0,0.17
ID366,1,7,day7_m1_c6,2,2,5.0,0.17
ID276,1,7,day7_m1_c6,3,1,5.0,0.17
ID365,1,7,day7_m1_c6,4,1,5.0,0.17
ID277,1,7,day7_m1_c6,5,2,5.0,0.17
ID275,1,7,day7_m1_c6,6,2,5.0,0.17
ID363,1,7,day7_m1_c6,7,2,5.0,0.17
ID410,1,7,day7_m1_c6,8,1,5.0,0.17
ID313,1,7,day7_m1_c6,9,2,5.0,0.17
ID314,1,7,day7_m1_c6,10,2,5.0,0.17
ID411,1,7,day7_m1_c6,11,2,5.0,0.17
ID409,1,7,day7_m1_c6,12,1,5.0,0.17
ID584,2,7,day7_m2_c29,1,2,13.3,0.44
ID591,2,7,day7_m2_c29,2,2,13.3,0.44
ID590,2,7,day7_m2_c29,3,2,13.3,0.44
ID586,2,7,day7_m2_c29,4,2,13.3,0.44
ID587,2,7,day7_m2_c29,5,2,13.3,0.44
ID589,2,7,day7_m2_c29,6,2,13.3,0.44
ID592,2,7,day7_m2_c29,7,2,13.3,0.44
ID593,2,7,day7_m2_c29,8,2,13.3,0.44
ID594,2,7,day7_m2_c29,9,2,13.3,0.44
ID595,2,7,day7_m2_c29,10,2,13.3,0.44
ID596,2,7,day7_m2_c29,11,2,13.3,0.44
ID597,2,7,day7_m2_c29,12,2,13.3,0.44
ID65,0,8,day8_m0_c9,1,2,10.2,0.34
ID66,0,8,day8_m0_c9,2,2,10.2,0.34
ID67,0,8,day8_m0_c9,3,2,10.2,0.34
ID70,0,8,day8_m0_c9,4,2,10.2,0.34
ID71,0,8,day8_m0_c9,5,2,10.2,0.34
ID108,0,8,day8_m0_c9,6,2,10.2,0.34
ID103,0,8,day8_m0_c9,7,2,10.2,0.34
ID96,0,8,day8_m0_c9,8,2,10.2,0.34
ID207,0,8,day8_m0_c9,9,2,10.2,0.34
ID201,0,8,day8_m0_c9,10,2,10.2,0.34
ID202,0,8,day8_m0_c9,11,2,10.2,0.34
ID93,0,8,day8_m0_c9,12,2,10.2,0.34
ID278,1,8,day8_m1_c13,1,2,5.0,0.17
ID279,1,8,day8_m1_c13,2,2,5.0,0.17
ID286,1,8,day8_m1_c13,3,1,5.0,0.17
ID287,1,8,day8_m1_c13,4,2,5.0,0.17
ID428,1,8,day8_m1_c13,5,1,5.0,0.17
ID288,1,8,day8_m1_c13,6,1,5.0,0.17
ID426,1,8,day8_m1_c13,7,2,5.0,0.17
ID427,1,8,day8_m1_c13,8,1,5.0,0.17
ID430,1,8,day8_m1_c13,9,2,5.0,0.17
ID290,1,8,day8_m1_c13,10,2,5.0,0.17
ID429,1,8,day8_m1_c13,11,1,5.0,0.17
ID289,1,8,day8_m1_c13,12,1,5.0,0.17
ID465,2,8,day8_m2_c13,1,2,12.6,0.42
ID595,2,8,day8_m2_c13,2,2,12.6,0.42
ID501,2,8,day8_m2_c13,3,2,12.6,0.42
ID500,2,8,day8_m2_c13,4,2,12.6,0.42
ID594,2,8,day8_m2_c13,5,2,12.6,0.42
ID508,2,8,day8_m2_c13,6,2,12.6,0.42
ID593,2,8,day8_m2_c13,7,2,12.6,0.42
ID499,2,8,day8_m2_c13,8,2,12.6,0.42
ID498,2,8,day8_m2_c13,9,2,12.6,0.42
ID592,2,8,day8_m2_c13,10,2,12.6,0.42
ID601,2,8,day8_m2_c13,11,2,12.6,0.42
ID469,2,8,day8_m2_c13,12,2,12.6,0.42
ID64,0,9,day9_m0_c1,1,2,9.6,0.32
ID188,0,9,day9_m0_c1,2,2,9.6,0.32
ID87,0,9,day9_m0_c1,3,2,9.6,0.32
ID88,0,9,day9_m0_c1,4,1,9.6,0.32
ID187,0,9,day9_m0_c1,5,2,9.6,0.32
ID89,0,9,day9_m0_c1,6,2,9.6,0.32
ID186,0,9,day9_m0_c1,7,2,9.6,0.32
ID90,0,9,day9_m0_c1,8,2,9.6,0.32
ID184,0,9,day9_m0_c1,9,2,9.6,0.32
ID185,0,9,day9_m0_c1,10,2,9.6,0.32
ID92,0,9,day9_m0_c1,11,2,9.6,0.32
ID91,0,9,day9_m0_c1,12,2,9.6,0.32
ID260,1,9,day9_m1_c7,1,2,4.9,0.16
ID263,1,9,day9_m1_c7,2,2,4.9,0.16
ID261,1,9,day9_m1_c7,3,2,4.9,0.16
ID271,1,9,day9_m1_c7,4,1,4.9,0.16
ID292,1,9,day9_m1_c7,5,2,4.9,0.16
ID379,1,9,day9_m1_c7,6,2,4.9,0.16
ID291,1,9,day9_m1_c7,7,2,4.9,0.16
ID380,1,9,day9_m1_c7,8,2,4.9,0.16
ID378,1,9,day9_m1_c7,9,2,4.9,0.16
ID293,1,9,day9_m1_c7,10,2,4.9,0.16
ID311,1,9,day9_m1_c7,11,2,4.9,0.16
ID310,1,9,day9_m1_c7,12,2,4.9,0.16
ID465,2,9,day9_m2_c2,1,2,12.5,0.42
ID623,2,9,day9_m2_c2,2,2,12.5,0.42
ID503,2,9,day9_m2_c2,3,1,12.5,0.42
ID597,2,9,day9_m2_c2,4,2,12.5,0.42
ID506,2,9,day9_m2_c2,5,2,12.5,0.42
ID596,2,9,day9_m2_c2,6,2,12.5,0.42
ID599,2,9,day9_m2_c2,7,2,12.5,0.42
ID502,2,9,day9_m2_c2,8,2,12.5,0.42
ID504,2,9,day9_m2_c2,9,2,12.5,0.42
ID468,2,9,day9_m2_c2,10,2,12.5,0.42
ID467,2,9,day9_m2_c2,11,2,12.5,0.42
ID466,2,9,day9_m2_c2,12,2,12.5,0.42
ID169,0,10,day10_m0_c27,1,2,9.2,0.31
ID177,0,10,day10_m0_c27,2,2,9.2,0.31
ID176,0,10,day10_m0_c27,3,2,9.2,0.31
ID174,0,10,day10_m0_c27,4,2,9.2,0.31
ID175,0,10,day10_m0_c27,5,2,9.2,0.31
ID173,0,10,day10_m0_c27,6,2,9.2,0.31
ID172,0,10,day10_m0_c27,7,2,9.2,0.31
ID170,0,10,day10_m0_c27,8,2,9.2,0.31
ID171,0,10,day10_m0_c27,9,2,9.2,0.31
ID178,0,10,day10_m0_c27,10,2,9.2,0.31
ID179,0,10,day10_m0_c27,11,2,9.2,0.31
ID180,0,10,day10_m0_c27,12,2,9.2,0.31
ID266,1,10,day10_m1_c4,1,2,4.7,0.16
ID294,1,10,day10_m1_c4,2,2,4.7,0.16
ID282,1,10,day10_m1_c4,3,2,4.7,0.16
ID372,1,10,day10_m1_c4,4,1,4.7,0.16
ID371,1,10,day10_m1_c4,5,2,4.7,0.16
ID394,1,10,day10_m1_c4,6,1,4.7,0.16
ID390,1,10,day10_m1_c4,7,2,4.7,0.16
ID342,1,10,day10_m1_c4,8,2,4.7,0.16
ID389,1,10,day10_m1_c4,9,2,4.7,0.16
ID343,1,10,day10_m1_c4,10,2,4.7,0.16
ID388,1,10,day10_m1_c4,11,1,4.7,0.16
ID268,1,10,day10_m1_c4,12,2,4.7,0.16
ID569,2,10,day10_m2_c28,1,2,10.6,0.35
ID570,2,10,day10_m2_c28,2,2,10.6,0.35
ID571,2,10,day10_m2_c28,3,2,10.6,0.35
ID574,2,10,day10_m2_c28,4,2,10.6,0.35
ID572,2,10,day10_m2_c28,5,2,10.6,0.35
ID575,2,10,day10_m2_c28,6,2,10.6,0.35
ID577,2,10,day10_m2_c28,7,2,10.6,0.35
ID576,2,10,day10_m2_c28,8,2,10.6,0.35
ID582,2,10,day10_m2_c28,9,2,10.6,0.35
ID583,2,10,day10_m2_c28,10,2,10.6,0.35
ID579,2,10,day10_m2_c28,11,2,10.6,0.35
ID580,2,10,day10_m2_c28,12,2,10.6,0.35
ID62,0,11,day11_m0_c18,1,2,7.9,0.26
ID63,0,11,day11_m0_c18,2,2,7.9,0.26
ID209,0,11,day11_m0_c18,3,2,7.9,0.26
ID79,0,11,day11_m0_c18,4,2,7.9,0.26
ID208,0,11,day11_m0_c18,5,2,7.9,0.26
ID77,0,11,day11_m0_c18,6,1,7.9,0.26
ID78,0,11,day11_m0_c18,7,2,7.9,0.26
ID80,0,11,day11_m0_c18,8,2,7.9,0.26
ID210,0,11,day11_m0_c18,9,2,7.9,0.26
ID212,0,11,day11_m0_c18,10,2,7.9,0.26
ID211,0,11,day11_m0_c18,11,2,7.9,0.26
ID76,0,11,day11_m0_c18,12,2,7.9,0.26
ID6,1,11,day11_m1_c18,1,1,4.6,0.15
ID35,1,11,day11_m1_c18,2,1,4.6,0.15
ID13,1,11,day11_m1_c18,3,1,4.6,0.15
ID25,1,11,day11_m1_c18,4,1,4.6,0.15
ID19,1,11,day11_m1_c18,5,1,4.6,0.15
ID29,1,11,day11_m1_c18,6,1,4.6,0.15
ID28,1,11,day11_m1_c18,7,1,4.6,0.15
ID16,1,11,day11_m1_c18,8,1,4.6,0.15
ID14,1,11,day11_m1_c18,9,1,4.6,0.15
ID11,1,11,day11_m1_c18,10,1,4.6,0.15
ID26,1,11,day11_m1_c18,11,1,4.6,0.15
ID17,1,11,day11_m1_c18,12,1,4.6,0.15
ID433,2,11,day11_m2_c7,1,2,10.1,0.34
ID437,2,11,day11_m2_c7,2,2,10.1,0.34
ID435,2,11,day11_m2_c7,3,1,10.1,0.34
ID434,2,11,day11_m2_c7,4,2,10.1,0.34
ID583,2,11,day11_m2_c7,5,2,10.1,0.34
ID436,2,11,day11_m2_c7,6,2,10.1,0.34
ID582,2,11,day11_m2_c7,7,2,10.1,0.34
ID438,2,11,day11_m2_c7,8,2,10.1,0.34
ID439,2,11,day11_m2_c7,9,2,10.1,0.34
ID464,2,11,day11_m2_c7,10,2,10.1,0.34
ID454,2,11,day11_m2_c7,11,2,10.1,0.34
ID455,2,11,day11_m2_c7,12,2,10.1,0.34
ID54,0,12,day12_m0_c7,1,2,7.8,0.26
ID170,0,12,day12_m0_c7,2,2,7.8,0.26
ID172,0,12,day12_m0_c7,3,2,7.8,0.26
ID61,0,12,day12_m0_c7,4,2,7.8,0.26
ID173,0,12,day12_m0_c7,5,2,7.8,0.26
ID178,0,12,day12_m0_c7,6,2,7.8,0.26
ID83,0,12,day12_m0_c7,7,2,7.8,0.26
ID81,0,12,day12_m0_c7,8,2,7.8,0.26
ID82,0,12,day12_m0_c7,9,2,7.8,0.26
ID180,0,12,day12_m0_c7,10,2,7.8,0.26
ID181,0,12,day12_m0_c7,11,2,7.8,0.26
ID75,0,12,day12_m0_c7,12,2,7.8,0.26
ID302,1,12,day12_m1_c5,1,1,4.4,0.15
ID303,1,12,day12_m1_c5,2,2,4.4,0.15
ID340,1,12,day12_m1_c5,3,1,4.4,0.15
ID354,1,12,day12_m1_c5,4,1,4.4,0.15
ID321,1,12,day12_m1_c5,5,2,4.4,0.15
ID352,1,12,day12_m1_c5,6,1,4.4,0.15
ID339,1,12,day12_m1_c5,7,1,4.4,0.15
ID359,1,12,day12_m1_c5,8,2,4.4,0.15
ID404,1,12,day12_m1_c5,9,2,4.4,0.15
ID327,1,12,day12_m1_c5,10,2,4.4,0.15
ID328,1,12,day12_m1_c5,11,1,4.4,0.15
ID403,1,12,day12_m1_c5,12,1,4.4,0.15
ID530,2,12,day12_m2_c25,1,2,8.2,0.27
ID531,2,12,day12_m2_c25,2,2,8.2,0.27
ID532,2,12,day12_m2_c25,3,2,8.2,0.27
ID540,2,12,day12_m2_c25,4,2,8.2,0.27
ID541,2,12,day12_m2_c25,5,2,8.2,0.27
ID536,2,12,day12_m2_c25,6,2,8.2,0.27
ID538,2,12,day12_m2_c25,7,2,8.2,0.27
ID537,2,12,day12_m2_c25,8,2,8.2,0.27
ID539,2,12,day12_m2_c25,9,2,8.2,0.27
ID535,2,12,day12_m2_c25,10,2,8.2,0.27
ID534,2,12,day12_m2_c25,11,2,8.2,0.27
ID533,2,12,day12_m2_c25,12,2,8.2,0.27
ID61,0,13,day13_m0_c20,1,2,7.7,0.26
ID84,0,13,day13_m0_c20,2,2,7.7,0.26
ID179,0,13,day13_m0_c20,3,2,7.7,0.26
ID198,0,13,day13_m0_c20,4,2,7.7,0.26
ID106,0,13,day13_m0_c20,5,2,7.7,0.26
ID107,0,13,day13_m0_c20,6,2,7.7,0.26
ID105,0,13,day13_m0_c20,7,2,7.7,0.26
ID104,0,13,day13_m0_c20,8,2,7.7,0.26
ID197,0,13,day13_m0_c20,9,2,7.7,0.26
ID199,0,13,day13_m0_c20,10,2,7.7,0.26
ID196,0,13,day13_m0_c20,11,2,7.7,0.26
ID200,0,13,day13_m0_c20,12,2,7.7,0.26
ID274,1,13,day13_m1_c12,1,2,4.2,0.14
ID277,1,13,day13_m1_c12,2,2,4.2,0.14
ID312,1,13,day13_m1_c12,3,1,4.2,0.14
ID281,1,13,day13_m1_c12,4,2,4.2,0.14
ID370,1,13,day13_m1_c12,5,2,4.2,0.14
ID315,1,13,day13_m1_c12,6,2,4.2,0.14
ID414,1,13,day13_m1_c12,7,1,4.2,0.14
ID413,1,13,day13_m1_c12,8,2,4.2,0.14
ID415,1,13,day13_m1_c12,9,1,4.2,0.14
ID317,1,13,day13_m1_c12,10,1,4.2,0.14
ID316,1,13,day13_m1_c12,11,1,4.2,0.14
ID412,1,13,day13_m1_c12,12,2,4.2,0.14
ID624,2,13,day13_m2_c32,1,2,8.0,0.27
ID625,2,13,day13_m2_c32,2,2,8.0,0.27
ID626,2,13,day13_m2_c32,3,2,8.0,0.27
ID629,2,13,day13_m2_c32,4,2,8.0,0.27
ID628,2,13,day13_m2_c32,5,2,8.0,0.27
ID627,2,13,day13_m2_c32,6,2,8.0,0.27
ID633,2,13,day13_m2_c32,7,2,8.0,0.27
ID630,2,13,day13_m2_c32,8,2,8.0,0.27
ID631,2,13,day13_m2_c32,9,2,8.0,0.27
ID632,2,13,day13_m2_c32,10,2,8.0,0.27
ID59,0,14,day14_m0_c17,1,2,6.9,0.23
ID60,0,14,day14_m0_c17,2,2,6.9,0.23
ID225,0,14,day14_m0_c17,3,2,6.9,0.23
ID66,0,14,day14_m0_c17,4,2,6.9,0.23
ID242,0,14,day14_m0_c17,5,2,6.9,0.23
ID65,0,14,day14_m0_c17,6,2,6.9,0.23
ID64,0,14,day14_m0_c17,7,2,6.9,0.23
ID241,0,14,day14_m0_c17,8,2,6.9,0.23
ID240,0,14,day14_m0_c17,9,2,6.9,0.23
ID86,0,14,day14_m0_c17,10,2,6.9,0.23
ID109,0,14,day14_m0_c17,11,2,6.9,0.23
ID214,0,14,day14_m0_c17,12,2,6.9,0.23
ID280,1,14,day14_m1_c10,1,2,4.1,0.14
ID281,1,14,day14_m1_c10,2,2,4.1,0.14
ID304,1,14,day14_m1_c10,3,2,4.1,0.14
ID357,1,14,day14_m1_c10,4,2,4.1,0.14
ID341,1,14,day14_m1_c10,5,2,4.1,0.14
ID319,1,14,day14_m1_c10,6,2,4.1,0.14
ID320,1,14,day14_m1_c10,7,2,4.1,0.14
ID353,1,14,day14_m1_c10,8,2,4.1,0.14
ID356,1,14,day14_m1_c10,9,2,4.1,0.14
ID358,1,14,day14_m1_c10,10,2,4.1,0.14
ID308,1,14,day14_m1_c10,11,1,4.1,0.14
ID287,1,14,day14_m1_c10,12,2,4.1,0.14
ID436,2,14,day14_m2_c8,1,2,4.6,0.15
ID456,2,14,day14_m2_c8,2,2,4.6,0.15
ID579,2,14,day14_m2_c8,3,2,4.6,0.15
ID463,2,14,day14_m2_c8,4,2,4.6,0.15
ID464,2,14,day14_m2_c8,5,2,4.6,0.15
ID622,2,14,day14_m2_c8,6,2,4.6,0.15
ID539,2,14,day14_m2_c8,7,2,4.6,0.15
ID459,2,14,day14_m2_c8,8,2,4.6,0.15
ID460,2,14,day14_m2_c8,9,2,4.6,0.15
ID457,2,14,day14_m2_c8,10,2,4.6,0.15
ID487,2,14,day14_m2_c8,11,2,4.6,0.15
ID618,2,14,day14_m2_c8,12,2,4.6,0.15
ID59,0,15,day15_m0_c3,1,2,6.4,0.21
ID166,0,15,day15_m0_c3,2,2,6.4,0.21
ID167,0,15,day15_m0_c3,3,2,6.4,0.21
ID247,0,15,day15_m0_c3,4,2,6.4,0.21
ID248,0,15,day15_m0_c3,5,2,6.4,0.21
ID141,0,15,day15_m0_c3,6,2,6.4,0.21
ID140,0,15,day15_m0_c3,7,2,6.4,0.21
ID60,0,15,day15_m0_c3,8,2,6.4,0.21
ID190,0,15,day15_m0_c3,9,2,6.4,0.21
ID121,0,15,day15_m0_c3,10,2,6.4,0.21
ID133,0,15,day15_m0_c3,11,1,6.4,0.21
ID134,0,15,day15_m0_c3,12,1,6.4,0.21
ID273,1,15,day15_m1_c16,1,2,3.9,0.13
ID361,1,15,day15_m1_c16,2,2,3.9,0.13
ID368,1,15,day15_m1_c16,3,2,3.9,0.13
ID279,1,15,day15_m1_c16,4,2,3.9,0.13
ID280,1,15,day15_m1_c16,5,2,3.9,0.13
ID369,1,15,day15_m1_c16,6,2,3.9,0.13
ID367,1,15,day15_m1_c16,7,2,3.9,0.13
ID278,1,15,day15_m1_c16,8,2,3.9,0.13
ID364,1,15,day15_m1_c16,9,1,3.9,0.13
ID274,1,15,day15_m1_c16,10,2,3.9,0.13
ID362,1,15,day15_m1_c16,11,2,3.9,0.13
ID275,1,15,day15_m1_c16,12,2,3.9,0.13
ID456,2,15,day15_m2_c9,1,2,4.4,0.15
ID463,2,15,day15_m2_c9,2,2,4.4,0.15
ID462,2,15,day15_m2_c9,3,2,4.4,0.15
ID461,2,15,day15_m2_c9,4,2,4.4,0.15
ID620,2,15,day15_m2_c9,5,1,4.4,0.15
ID488,2,15,day15_m2_c9,6,2,4.4,0.15
ID619,2,15,day15_m2_c9,7,2,4.4,0.15
ID566,2,15,day15_m2_c9,8,2,4.4,0.15
ID482,2,15,day15_m2_c9,9,2,4.4,0.15
ID565,2,15,day15_m2_c9,10,2,4.4,0.15
ID483,2,15,day15_m2_c9,11,1,4.4,0.15
ID484,2,15,day15_m2_c9,12,2,4.4,0.15
ID98,0,16,day16_m0_c14,1,2,5.1,0.17
ID100,0,16,day16_m0_c14,2,2,5.1,0.17
ID99,0,16,day16_m0_c14,3,2,5.1,0.17
ID122,0,16,day16_m0_c14,4,1,5.1,0.17
ID237,0,16,day16_m0_c14,5,2,5.1,0.17
ID153,0,16,day16_m0_c14,6,2,5.1,0.17
ID123,0,16,day16_m0_c14,7,2,5.1,0.17
ID154,0,16,day16_m0_c14,8,2,5.1,0.17
ID155,0,16,day16_m0_c14,9,1,5.1,0.17
ID152,0,16,day16_m0_c14,10,2,5.1,0.17
ID151,0,16,day16_m0_c14,11,2,5.1,0.17
ID235,0,16,day16_m0_c14,12,2,5.1,0.17
ID269,1,16,day16_m1_c19,1,2,3.8,0.13
ID270,1,16,day16_m1_c19,2,2,3.8,0.13
ID397,1,16,day16_m1_c19,3,2,3.8,0.13
ID347,1,16,day16_m1_c19,4,2,3.8,0.13
ID297,1,16,day16_m1_c19,5,2,3.8,0.13
ID348,1,16,day16_m1_c19,6,2,3.8,0.13
ID295,1,16,day16_m1_c19,7,1,3.8,0.13
ID296,1,16,day16_m1_c19,8,2,3.8,0.13
ID346,1,16,day16_m1_c19,9,2,3.8,0.13
ID408,1,16,day16_m1_c19,10,1,3.8,0.13
ID322,1,16,day16_m1_c19,11,1,3.8,0.13
ID323,1,16,day16_m1_c19,12,1,3.8,0.13
ID445,2,16,day16_m2_c19,1,2,3.8,0.13
ID570,2,16,day16_m2_c19,2,2,3.8,0.13
ID532,2,16,day16_m2_c19,3,2,3.8,0.13
ID531,2,16,day16_m2_c19,4,2,3.8,0.13
ID589,2,16,day16_m2_c19,5,2,3.8,0.13
ID588,2,16,day16_m2_c19,6,1,3.8,0.13
ID586,2,16,day16_m2_c19,7,2,3.8,0.13
ID587,2,16,day16_m2_c19,8,2,3.8,0.13
ID556,2,16,day16_m2_c19,9,2,3.8,0.13
ID569,2,16,day16_m2_c19,10,2,3.8,0.13
ID523,2,16,day16_m2_c19,11,2,3.8,0.13
ID567,2,16,day16_m2_c19,12,1,3.8,0.13
ID53,0,17,day17_m0_c0,1,2,4.0,0.13
ID54,0,17,day17_m0_c0,2,2,4.0,0.13
ID55,0,17,day17_m0_c0,3,2,4.0,0.13
ID56,0,17,day17_m0_c0,4,2,4.0,0.13
ID57,0,17,day17_m0_c0,5,2,4.0,0.13
ID58,0,17,day17_m0_c0,6,2,4.0,0.13
ID73,0,17,day17_m0_c0,7,2,4.0,0.13
ID169,0,17,day17_m0_c0,8,2,4.0,0.13
ID239,0,17,day17_m0_c0,9,2,4.0,0.13
ID63,0,17,day17_m0_c0,10,2,4.0,0.13
ID74,0,17,day17_m0_c0,11,2,4.0,0.13
ID213,0,17,day17_m0_c0,12,2,4.0,0.13
ID283,1,17,day17_m1_c9,1,2,3.6,0.12
ID336,1,17,day17_m1_c9,2,2,3.6,0.12
ID351,1,17,day17_m1_c9,3,2,3.6,0.12
ID350,1,17,day17_m1_c9,4,2,3.6,0.12
ID337,1,17,day17_m1_c9,5,2,3.6,0.12
ID338,1,17,day17_m1_c9,6,2,3.6,0.12
ID349,1,17,day17_m1_c9,7,2,3.6,0.12
ID303,1,17,day17_m1_c9,8,2,3.6,0.12
ID304,1,17,day17_m1_c9,9,2,3.6,0.12
ID298,1,17,day17_m1_c9,10,2,3.6,0.12
ID290,1,17,day17_m1_c9,11,2,3.6,0.12
ID285,1,17,day17_m1_c9,12,1,3.6,0.12
ID446,2,17,day17_m2_c17,1,2,3.5,0.12
ID475,2,17,day17_m2_c17,2,2,3.5,0.12
ID561,2,17,day17_m2_c17,3,2,3.5,0.12
ID563,2,17,day17_m2_c17,4,2,3.5,0.12
ID478,2,17,day17_m2_c17,5,1,3.5,0.12
ID480,2,17,day17_m2_c17,6,2,3.5,0.12
ID562,2,17,day17_m2_c17,7,2,3.5,0.12
ID479,2,17,day17_m2_c17,8,2,3.5,0.12
ID559,2,17,day17_m2_c17,9,2,3.5,0.12
ID477,2,17,day17_m2_c17,10,2,3.5,0.12
ID560,2,17,day17_m2_c17,11,2,3.5,0.12
ID476,2,17,day17_m2_c17,12,2,3.5,0.12
ID247,0,18,day18_m0_c33,1,2,3.2,0.11
ID248,0,18,day18_m0_c33,2,2,3.2,0.11
ID249,0,18,day18_m0_c33,3,2,3.2,0.11
ID250,0,18,day18_m0_c33,4,2,3.2,0.11
ID251,0,18,day18_m0_c33,5,2,3.2,0.11
ID255,0,18,day18_m0_c33,6,2,3.2,0.11
ID256,0,18,day18_m0_c33,7,2,3.2,0.11
ID258,0,18,day18_m0_c33,8,2,3.2,0.11
ID257,0,18,day18_m0_c33,9,2,3.2,0.11
ID282,1,18,day18_m1_c17,1,2,3.0,0.1
ID393,1,18,day18_m1_c17,2,1,3.0,0.1
ID344,1,18,day18_m1_c17,3,2,3.0,0.1
ID345,1,18,day18_m1_c17,4,2,3.0,0.1
ID396,1,18,day18_m1_c17,5,2,3.0,0.1
ID326,1,18,day18_m1_c17,6,2,3.0,0.1
ID400,1,18,day18_m1_c17,7,2,3.0,0.1
ID401,1,18,day18_m1_c17,8,2,3.0,0.1
ID324,1,18,day18_m1_c17,9,2,3.0,0.1
ID325,1,18,day18_m1_c17,10,2,3.0,0.1
ID402,1,18,day18_m1_c17,11,2,3.0,0.1
ID395,1,18,day18_m1_c17,12,2,3.0,0.1
ID433,2,18,day18_m2_c16,1,2,3.3,0.11
ID497,2,18,day18_m2_c16,2,2,3.3,0.11
ID590,2,18,day18_m2_c16,3,2,3.3,0.11
ID591,2,18,day18_m2_c16,4,2,3.3,0.11
ID584,2,18,day18_m2_c16,5,2,3.3,0.11
ID437,2,18,day18_m2_c16,6,2,3.3,0.11
ID585,2,18,day18_m2_c16,7,1,3.3,0.11
ID434,2,18,day18_m2_c16,8,2,3.3,0.11
ID522,2,18,day18_m2_c16,9,1,3.3,0.11
ID580,2,18,day18_m2_c16,10,2,3.3,0.11
ID521,2,18,day18_m2_c16,11,2,3.3,0.11
ID581,2,18,day18_m2_c16,12,1,3.3,0.11
ID49,0,19,day19_m0_c19,1,2,3.1,0.1
ID56,0,19,day19_m0_c19,2,2,3.1,0.1
ID175,0,19,day19_m0_c19,3,2,3.1,0.1
ID57,0,19,day19_m0_c19,4,2,3.1,0.1
ID58,0,19,day19_m0_c19,5,2,3.1,0.1
ID174,0,19,day19_m0_c19,6,2,3.1,0.1
ID245,0,19,day19_m0_c19,7,2,3.1,0.1
ID71,0,19,day19_m0_c19,8,2,3.1,0.1
ID72,0,19,day19_m0_c19,9,2,3.1,0.1
ID246,0,19,day19_m0_c19,10,2,3.1,0.1
ID55,0,19,day19_m0_c19,11,2,3.1,0.1
ID168,0,19,day19_m0_c19,12,2,3.1,0.1
ID265,1,19,day19_m1_c15,1,2,2.8,0.09
ID387,1,19,day19_m1_c15,2,1,2.8,0.09
ID386,1,19,day19_m1_c15,3,1,2.8,0.09
ID283,1,19,day19_m1_c15,4,2,2.8,0.09
ID385,1,19,day19_m1_c15,5,2,2.8,0.09
ID335,1,19,day19_m1_c15,6,1,2.8,0.09
ID334,1,19,day19_m1_c15,7,2,2.8,0.09
ID421,1,19,day19_m1_c15,8,1,2.8,0.09
ID284,1,19,day19_m1_c15,9,1,2.8,0.09
ID432,1,19,day19_m1_c15,10,2,2.8,0.09
ID272,1,19,day19_m1_c15,11,1,2.8,0.09
ID431,1,19,day19_m1_c15,12,1,2.8,0.09
ID440,2,19,day19_m2_c0,1,2,2.9,0.1
ID441,2,19,day19_m2_c0,2,2,2.9,0.1
ID460,2,19,day19_m2_c0,3,2,2.9,0.1
ID538,2,19,day19_m2_c0,4,2,2.9,0.1
ID461,2,19,day19_m2_c0,5,2,2.9,0.1
ID459,2,19,day19_m2_c0,6,2,2.9,0.1
ID537,2,19,day19_m2_c0,7,2,2.9,0.1
ID617,2,19,day19_m2_c0,8,2,2.9,0.1
ID486,2,19,day19_m2_c0,9,2,2.9,0.1
ID442,2,19,day19_m2_c0,10,2,2.9,0.1
ID443,2,19,day19_m2_c0,11,2,2.9,0.1
ID444,2,19,day19_m2_c0,12,2,2.9,0.1
ID49,0,20,day20_m0_c11,1,2,3.0,0.1
ID250,0,20,day20_m0_c11,2,2,3.0,0.1
ID50,0,20,day20_m0_c11,3,2,3.0,0.1
ID253,0,20,day20_m0_c11,4,1,3.0,0.1
ID136,0,20,day20_m0_c11,5,2,3.0,0.1
ID257,0,20,day20_m0_c11,6,2,3.0,0.1
ID135,0,20,day20_m0_c11,7,2,3.0,0.1
ID138,0,20,day20_m0_c11,8,1,3.0,0.1
ID258,0,20,day20_m0_c11,9,2,3.0,0.1
ID137,0,20,day20_m0_c11,10,1,3.0,0.1
ID51,0,20,day20_m0_c11,11,2,3.0,0.1
ID52,0,20,day20_m0_c11,12,2,3.0,0.1
ID430,1,20,day20_m1_c27,1,2,2.7,0.09
ID432,1,20,day20_m1_c27,2,2,2.7,0.09
ID438,2,20,day20_m2_c12,1,2,2.8,0.09
ID439,2,20,day20_m2_c12,2,2,2.8,0.09
ID445,2,20,day20_m2_c12,3,2,2.8,0.09
ID571,2,20,day20_m2_c12,4,2,2.8,0.09
ID530,2,20,day20_m2_c12,5,2,2.8,0.09
ID446,2,20,day20_m2_c12,6,2,2.8,0.09
ID524,2,20,day20_m2_c12,7,2,2.8,0.09
ID574,2,20,day20_m2_c12,8,2,2.8,0.09
ID572,2,20,day20_m2_c12,9,2,2.8,0.09
ID529,2,20,day20_m2_c12,10,2,2.8,0.09
ID573,2,20,day20_m2_c12,11,1,2.8,0.09
ID545,2,20,day20_m2_c12,12,2,2.8,0.09
ID50,0,21,day21_m0_c21,1,2,2.9,0.1
ID251,0,21,day21_m0_c21,2,2,2.9,0.1
ID252,0,21,day21_m0_c21,3,1,2.9,0.1
ID254,0,21,day21_m0_c21,4,1,2.9,0.1
ID255,0,21,day21_m0_c21,5,2,2.9,0.1
ID51,0,21,day21_m0_c21,6,2,2.9,0.1
ID52,0,21,day21_m0_c21,7,2,2.9,0.1
ID256,0,21,day21_m0_c21,8,2,2.9,0.1
ID53,0,21,day21_m0_c21,9,2,2.9,0.1
ID171,0,21,day21_m0_c21,10,2,2.9,0.1
ID249,0,21,day21_m0_c21,11,2,2.9,0.1
ID139,0,21,day21_m0_c21,12,2,2.9,0.1
ID305,1,21,day21_m1_c21,1,2,2.1,0.07
ID306,1,21,day21_m1_c21,2,2,2.1,0.07
ID418,1,21,day21_m1_c21,3,2,2.1,0.07
ID419,1,21,day21_m1_c21,4,2,2.1,0.07
ID420,1,21,day21_m1_c21,5,1,2.1,0.07
ID417,1,21,day21_m1_c21,6,2,2.1,0.07
ID392,1,21,day21_m1_c21,7,1,2.1,0.07
ID307,1,21,day21_m1_c21,8,2,2.1,0.07
ID309,1,21,day21_m1_c21,9,2,2.1,0.07
ID391,1,21,day21_m1_c21,10,2,2.1,0.07
ID318,1,21,day21_m1_c21,11,2,2.1,0.07
ID416,1,21,day21_m1_c21,12,2,2.1,0.07
ID442,2,21,day21_m2_c20,1,2,2.5,0.08
ID443,2,21,day21_m2_c20,2,2,2.5,0.08
ID444,2,21,day21_m2_c20,3,2,2.5,0.08
ID544,2,21,day21_m2_c20,4,2,2.5,0.08
ID457,2,21,day21_m2_c20,5,2,2.5,0.08
ID568,2,21,day21_m2_c20,6,2,2.5,0.08
ID534,2,21,day21_m2_c20,7,2,2.5,0.08
ID471,2,21,day21_m2_c20,8,2,2.5,0.08
ID472,2,21,day21_m2_c20,9,2,2.5,0.08
ID533,2,21,day21_m2_c20,10,2,2.5,0.08
ID542,2,21,day21_m2_c20,11,2,2.5,0.08
ID543,2,21,day21_m2_c20,12,2,2.5,0.08
ID62,0,22,day22_m0_c22,1,2,2.4,0.08
ID238,0,22,day22_m0_c22,2,2,2.4,0.08
ID189,0,22,day22_m0_c22,3,2,2.4,0.08
ID67,0,22,day22_m0_c22,4,2,2.4,0.08
ID177,0,22,day22_m0_c22,5,2,2.4,0.08
ID85,0,22,day22_m0_c22,6,2,2.4,0.08
ID68,0,22,day22_m0_c22,7,1,2.4,0.08
ID69,0,22,day22_m0_c22,8,1,2.4,0.08
ID70,0,22,day22_m0_c22,9,2,2.4,0.08
ID176,0,22,day22_m0_c22,10,2,2.4,0.08
ID244,0,22,day22_m0_c22,11,1,2.4,0.08
ID243,0,22,day22_m0_c22,12,1,2.4,0.08
ID298,1,22,day22_m1_c20,1,2,1.3,0.04
ID311,1,22,day22_m1_c20,2,2,1.3,0.04
ID423,1,22,day22_m1_c20,3,2,1.3,0.04
ID422,1,22,day22_m1_c20,4,2,1.3,0.04
ID360,1,22,day22_m1_c20,5,2,1.3,0.04
ID424,1,22,day22_m1_c20,6,1,1.3,0.04
ID310,1,22,day22_m1_c20,7,2,1.3,0.04
ID425,1,22,day22_m1_c20,8,1,1.3,0.04
ID299,1,22,day22_m1_c20,9,1,1.3,0.04
ID301,1,22,day22_m1_c20,10,1,1.3,0.04
ID300,1,22,day22_m1_c20,11,1,1.3,0.04
ID355,1,22,day22_m1_c20,12,2,1.3,0.04
ID466,2,22,day22_m2_c21,1,2,1.4,0.05
ID615,2,22,day22_m2_c21,2,2,1.4,0.05
ID613,2,22,day22_m2_c21,3,2,1.4,0.05
ID616,2,22,day22_m2_c21,4,2,1.4,0.05
ID469,2,22,day22_m2_c21,5,2,1.4,0.05
ID467,2,22,day22_m2_c21,6,2,1.4,0.05
ID614,2,22,day22_m2_c21,7,2,1.4,0.05
ID535,2,22,day22_m2_c21,8,2,1.4,0.05
ID470,2,22,day22_m2_c21,9,2,1.4,0.05
ID468,2,22,day22_m2_c21,10,2,1.4,0.05
ID485,2,22,day22_m2_c21,11,2,1.4,0.05
ID612,2,22,day22_m2_c21,12,2,1.4,0.05
